referee_id,name,nationality
11585,Craig Pawson,England
11605,Michael Oliver,England
11309,Peter Bankes,England
11556,David Coote,England
11494,Stuart Attwell,England
11327,John Brooks,England
11423,Andy Madley,England
11446,Robert Jones,England
11580,Anthony Taylor,England
11430,Simon Hooper,England
11317,Darren Bond,England
11620,Thomas Bramall,England
11396,Tim Robinson,England
11520,Paul Tierney,England
23568,Jarred Gillett,Australia
11405,Michael Salisbury,England
193220,Bobby Madley,England
11469,Darren England,England
213800,Josh Smith,England
11378,Tony Harrington,England
11443,Chris Kavanagh,England
11503,Graham Scott,England
213813,Sam Barrott,England
80758,Rebecca Welch,England
11635,Samuel Allison,England
81840,Lewis Smith,England
150766,Sunny Gill,England
11626,Matt Donohue,England
57836,Luca Massimi,Italy
57868,Matteo Marcenaro,Italy
57842,Giovanni Ayroldi,Italy
57878,Andrea Colombo,Italy
57882,Ermanno Feliciani,Italy
57762,Matteo Marchetti,Italy
57837,Federico Dionisi,Italy
11018,Antonio Rapuano,Italy
215611,Francesco Cosso,Italy
11002,Luca Pairetto,Italy
206189,Juan Luca Sacchi,Italy
11068,Gianluca Aureliano,Italy
11065,Daniele Doveri,Italy
11043,Maurizio Mariani,Italy
212567,Maria Caputi,Italy
11060,Marco Di Bello,Italy
11119,Livio Marinelli,Italy
11280,Antonio Giua,Italy
11029,Davide Massa,Italy
10985,Michael Fabbri,Italy
11039,Marco Piccinini,Italy
11116,Daniele Orsato,Italy
11079,Marco Guida,Italy
11053,Daniele Chiffi,Italy
10977,Fabio Maresca,Italy
57826,Simone Sozza,Italy
57794,Alessandro Prontera,Italy
10980,Federico La Penna,Italy
11006,Rosario Abisso,Italy
11072,Gianluca Manganiello,Italy
11129,Francesco Fourneau,Italy
207664,Ivano Pezzuto,Italy
57764,Luca Zufferli,Italy
97887,Paride Tremolada,Italy
97848,Giuseppe Collu,Italy
11084,Davide Ghersini,Italy
145272,Davide Di Marco,Italy
11087,Alberto Santoro,Italy
80747,Javier Alberola Rojas,NULL
207080,José Sánchez Martínez,Spain
214213,Francisco Hernández Maeso,Spain
56995,Víctor García Verdura,Spain
206211,Jesús Gil Manzano,Spain
206206,Pablo González Fuertes,Spain
207048,Miguel Ortiz Arias,Spain
207113,César Soto Grado,Spain
57930,Isidro Díaz de Mera,Spain
207133,Juan Pulido Santana,Spain
215462,Javier Iglesias Villanueva,Spain
206223,José Munuera Montero,Spain
215559,Jorge Figueroa Vázquez,Spain
215569,Alejandro Muñiz Ruiz,Spain
15628,Ricardo de Burgos,Spain
206215,Guillermo Cuadra Fernández,Spain
206208,Alejandro Hernández Hernández,Spain
206203,Juan Martínez Munuera,Spain
207105,Mario Melero López,Spain
217698,Mateo Busquets Ferrer,Spain
43878,Felix Zwayer,Germany
43875,Felix Brych,Germany
57518,Florian Badstübner,Germany
15824,Sven Jablonski,Germany
57517,Daniel Schlager,Germany
15408,Daniel Siebert,Germany
8825,Deniz Aytekin,Germany
43943,Tobias Stieler,Germany
253,Harm Osmers,Germany
57532,Frank Willenborg,Germany
43922,Benjamin Brand,Germany
56230,Matthias Jöllenbeck,Germany
57519,Robert Schröder,Germany
57504,Robert Hartmann,Germany
337,Patrick Ittrich,Germany
57526,Christian Dingert,Germany
15746,Bastian Dankert,Germany
57512,Tobias Reichel,Germany
15825,Martin Petersen,Germany
9567,Sascha Stegemann,Germany
57527,Timo Gerach,Germany
15821,Marco Fritz,Germany
57515,Sören Storks,Germany
57539,Tobias Welz,Germany
58466,Florian Exner,Germany
43926,Benoît Bastien,France
57092,Eric Wattellier,France
57088,Bastien Dechepy,France
57073,Jérémie Pignard,France
43918,François Letexier,France
57042,Willy Delajod,France
9374,Clément Turpin,France
1049,Jeremy Stinat,France
15548,Jérôme Brisard,France
57054,Mathieu Vernice,France
57039,Thomas Léonard,France
57065,Pierre Gaillouste,France
57068,Florent Batta,France
57063,Hakim Ben El Hadj Salem,France
57087,Romain Lissorgue,France
43886,Ruddy Buquet,France
15545,Benoît Millot,France
64829,Gaël Angoula,France
64781,Marc Bollengier,France
25786,Stéphanie Frappart,France
40158,Miguel Nogueira,Portugal
